province,effectiveincometax,incomeadjusted
Yukon,0,1000
Yukon,0,1100
Yukon,0,1200
Yukon,0,1300
Yukon,0,1400
Yukon,0,1500
Yukon,0,1600
Yukon,0,1700
Yukon,0,1800
Yukon,0,1900
Yukon,0,2000
Yukon,0,2100
Yukon,0,2200
Yukon,0,2300
Yukon,0,2400
Yukon,0,2500
Yukon,0,2600
Yukon,0,2700
Yukon,0,2800
Yukon,0,2900
Yukon,0,3000
Yukon,0,3100
Yukon,0,3200
Yukon,0,3300
Yukon,0,3400
Yukon,0,3500
Yukon,0,3600
Yukon,0,3700
Yukon,0,3800
Yukon,0,3900
Yukon,0,4000
Yukon,0,4100
Yukon,0,4200
Yukon,0,4300
Yukon,0,4400
Yukon,0,4500
Yukon,0,4600
Yukon,0,4700
Yukon,0,4800
Yukon,0,4900
Yukon,0,5000
Yukon,0,5100
Yukon,0,5200
Yukon,0,5300
Yukon,0,5400
Yukon,0,5500
Yukon,0,5600
Yukon,0,5700
Yukon,0,5800
Yukon,0,5900
Yukon,0,6000
Yukon,0,6100
Yukon,0,6200
Yukon,0,6300
Yukon,0,6400
Yukon,0,6500
Yukon,0,6600
Yukon,0,6700
Yukon,0,6800
Yukon,0,6900
Yukon,0,7000
Yukon,0,7100
Yukon,0,7200
Yukon,0,7300
Yukon,0,7400
Yukon,0,7500
Yukon,0,7600
Yukon,0,7700
Yukon,0,7800
Yukon,0,7900
Yukon,0,8000
Yukon,0,8100
Yukon,0,8200
Yukon,0,8300
Yukon,0,8400
Yukon,0,8500
Yukon,0,8600
Yukon,0,8700
Yukon,0,8800
Yukon,0,8900
Yukon,0,9000
Yukon,0,9100
Yukon,0,9200
Yukon,0,9300
Yukon,0,9400
Yukon,0,9500
Yukon,0,9600
Yukon,0,9700
Yukon,0,9800
Yukon,0,9900
Yukon,0,10000
Yukon,0,11000
Yukon,0.28,12000
Yukon,0.75,13000
Yukon,1.15,14000
Yukon,1.5,15000
Yukon,1.81,16000
Yukon,2.08,17000
Yukon,2.32,18000
Yukon,2.54,19000
Yukon,2.73,20000
Yukon,2.9,21000
Yukon,3.06,22000
Yukon,3.21,23000
Yukon,3.34,24000
Yukon,3.46,25000
Yukon,3.58,26000
Yukon,3.68,27000
Yukon,3.78,28000
Yukon,3.87,29000
Yukon,3.95,30000
Yukon,4.03,31000
Yukon,4.11,32000
Yukon,4.17,33000
Yukon,4.24,34000
Yukon,4.3,35000
Yukon,4.36,36000
Yukon,4.42,37000
Yukon,4.47,38000
Yukon,4.52,39000
Yukon,4.56,40000
Yukon,4.61,41000
Yukon,4.65,42000
Yukon,4.69,43000
Yukon,4.73,44000
Yukon,4.77,45000
Yukon,4.84,46000
Yukon,4.93,47000
Yukon,5.02,48000
Yukon,5.1,49000
Yukon,5.18,50000
Yukon,5.25,51000
Yukon,5.32,52000
Yukon,5.39,53000
Yukon,5.46,54000
Yukon,5.52,55000
Yukon,5.59,56000
Yukon,5.65,57000
Yukon,5.7,58000
Yukon,5.76,59000
Yukon,5.81,60000
Yukon,6.06,65000
Yukon,6.27,70000
Yukon,6.45,75000
Yukon,6.61,80000
Yukon,6.75,85000
Yukon,6.88,90000
Yukon,7.08,95000
Yukon,7.27,100000
Yukon,7.44,105000
Yukon,7.6,110000
Yukon,7.74,115000
Yukon,7.87,120000
Yukon,7.99,125000
Yukon,8.11,130000
Yukon,8.21,135000
Yukon,8.31,140000
Yukon,8.46,145000
Yukon,8.6,150000
Yukon,8.74,155000
Yukon,8.86,160000
Yukon,8.98,165000
Yukon,9.09,170000
Yukon,9.2,175000
Yukon,9.3,180000
Yukon,9.39,185000
Yukon,9.48,190000
Yukon,9.57,195000
Yukon,9.65,200000
Yukon,9.73,205000
Yukon,9.8,210000
Yukon,9.87,215000
Yukon,9.94,220000
Yukon,10,225000
Yukon,10.06,230000
Yukon,10.12,235000
Yukon,10.18,240000
Yukon,10.23,245000
Yukon,10.28,250000
Yukon,10.33,255000
Yukon,10.38,260000
Yukon,10.42,265000
Yukon,10.47,270000
Yukon,10.51,275000
Yukon,10.55,280000
Yukon,10.59,285000
Yukon,10.63,290000
Yukon,10.66,295000
Yukon,10.7,300000
Yukon,10.73,305000
Yukon,10.77,310000
Yukon,10.8,315000
Yukon,10.83,320000
Yukon,10.86,325000
Yukon,10.89,330000
Yukon,10.92,335000
Yukon,10.95,340000
Yukon,10.97,345000
Yukon,11,350000
Yukon,11.03,355000
Yukon,11.05,360000
Yukon,11.07,365000
Yukon,11.1,370000
Yukon,11.12,375000
Yukon,11.14,380000
Yukon,11.16,385000
Yukon,11.18,390000
Yukon,11.21,395000
Yukon,11.23,400000
Yukon,11.24,405000
Yukon,11.26,410000
Yukon,11.28,415000
Yukon,11.3,420000
Yukon,11.32,425000
Yukon,11.33,430000
Yukon,11.35,435000
Yukon,11.37,440000
Yukon,11.38,445000
Yukon,11.4,450000
Yukon,11.42,455000
Yukon,11.43,460000
Yukon,11.45,465000
Yukon,11.46,470000
Yukon,11.47,475000
Yukon,11.49,480000
Yukon,11.5,485000
Yukon,11.51,490000
Yukon,11.53,495000
Yukon,11.54,500000
Saskatchewan,0,1000
Saskatchewan,0,1100
Saskatchewan,0,1200
Saskatchewan,0,1300
Saskatchewan,0,1400
Saskatchewan,0,1500
Saskatchewan,0,1600
Saskatchewan,0,1700
Saskatchewan,0,1800
Saskatchewan,0,1900
Saskatchewan,0,2000
Saskatchewan,0,2100
Saskatchewan,0,2200
Saskatchewan,0,2300
Saskatchewan,0,2400
Saskatchewan,0,2500
Saskatchewan,0,2600
Saskatchewan,0,2700
Saskatchewan,0,2800
Saskatchewan,0,2900
Saskatchewan,0,3000
Saskatchewan,0,3100
Saskatchewan,0,3200
Saskatchewan,0,3300
Saskatchewan,0,3400
Saskatchewan,0,3500
Saskatchewan,0,3600
Saskatchewan,0,3700
Saskatchewan,0,3800
Saskatchewan,0,3900
Saskatchewan,0,4000
Saskatchewan,0,4100
Saskatchewan,0,4200
Saskatchewan,0,4300
Saskatchewan,0,4400
Saskatchewan,0,4500
Saskatchewan,0,4600
Saskatchewan,0,4700
Saskatchewan,0,4800
Saskatchewan,0,4900
Saskatchewan,0,5000
Saskatchewan,0,5100
Saskatchewan,0,5200
Saskatchewan,0,5300
Saskatchewan,0,5400
Saskatchewan,0,5500
Saskatchewan,0,5600
Saskatchewan,0,5700
Saskatchewan,0,5800
Saskatchewan,0,5900
Saskatchewan,0,6000
Saskatchewan,0,6100
Saskatchewan,0,6200
Saskatchewan,0,6300
Saskatchewan,0,6400
Saskatchewan,0,6500
Saskatchewan,0,6600
Saskatchewan,0,6700
Saskatchewan,0,6800
Saskatchewan,0,6900
Saskatchewan,0,7000
Saskatchewan,0,7100
Saskatchewan,0,7200
Saskatchewan,0,7300
Saskatchewan,0,7400
Saskatchewan,0,7500
Saskatchewan,0,7600
Saskatchewan,0,7700
Saskatchewan,0,7800
Saskatchewan,0,7900
Saskatchewan,0,8000
Saskatchewan,0,8100
Saskatchewan,0,8200
Saskatchewan,0,8300
Saskatchewan,0,8400
Saskatchewan,0,8500
Saskatchewan,0,8600
Saskatchewan,0,8700
Saskatchewan,0,8800
Saskatchewan,0,8900
Saskatchewan,0,9000
Saskatchewan,0,9100
Saskatchewan,0,9200
Saskatchewan,0,9300
Saskatchewan,0,9400
Saskatchewan,0,9500
Saskatchewan,0,9600
Saskatchewan,0,9700
Saskatchewan,0,9800
Saskatchewan,0,9900
Saskatchewan,0,10000
Saskatchewan,0,11000
Saskatchewan,0,12000
Saskatchewan,0,13000
Saskatchewan,0,14000
Saskatchewan,0,15000
Saskatchewan,0.11,16000
Saskatchewan,0.75,17000
Saskatchewan,1.32,18000
Saskatchewan,1.83,19000
Saskatchewan,2.29,20000
Saskatchewan,2.7,21000
Saskatchewan,3.08,22000
Saskatchewan,3.42,23000
Saskatchewan,3.74,24000
Saskatchewan,4.03,25000
Saskatchewan,4.3,26000
Saskatchewan,4.55,27000
Saskatchewan,4.78,28000
Saskatchewan,4.99,29000
Saskatchewan,5.19,30000
Saskatchewan,5.38,31000
Saskatchewan,5.55,32000
Saskatchewan,5.72,33000
Saskatchewan,5.87,34000
Saskatchewan,6.02,35000
Saskatchewan,6.16,36000
Saskatchewan,6.29,37000
Saskatchewan,6.41,38000
Saskatchewan,6.53,39000
Saskatchewan,6.64,40000
Saskatchewan,6.75,41000
Saskatchewan,6.85,42000
Saskatchewan,6.95,43000
Saskatchewan,7.04,44000
Saskatchewan,7.14,45000
Saskatchewan,7.27,46000
Saskatchewan,7.39,47000
Saskatchewan,7.51,48000
Saskatchewan,7.62,49000
Saskatchewan,7.73,50000
Saskatchewan,7.83,51000
Saskatchewan,7.93,52000
Saskatchewan,8.03,53000
Saskatchewan,8.12,54000
Saskatchewan,8.21,55000
Saskatchewan,8.3,56000
Saskatchewan,8.38,57000
Saskatchewan,8.46,58000
Saskatchewan,8.53,59000
Saskatchewan,8.61,60000
Saskatchewan,8.95,65000
Saskatchewan,9.24,70000
Saskatchewan,9.49,75000
Saskatchewan,9.71,80000
Saskatchewan,9.9,85000
Saskatchewan,10.07,90000
Saskatchewan,10.23,95000
Saskatchewan,10.37,100000
Saskatchewan,10.49,105000
Saskatchewan,10.6,110000
Saskatchewan,10.71,115000
Saskatchewan,10.8,120000
Saskatchewan,10.89,125000
Saskatchewan,11.01,130000
Saskatchewan,11.16,135000
Saskatchewan,11.3,140000
Saskatchewan,11.43,145000
Saskatchewan,11.54,150000
Saskatchewan,11.66,155000
Saskatchewan,11.76,160000
Saskatchewan,11.86,165000
Saskatchewan,11.95,170000
Saskatchewan,12.04,175000
Saskatchewan,12.12,180000
Saskatchewan,12.2,185000
Saskatchewan,12.27,190000
Saskatchewan,12.34,195000
Saskatchewan,12.41,200000
Saskatchewan,12.47,205000
Saskatchewan,12.53,210000
Saskatchewan,12.59,215000
Saskatchewan,12.64,220000
Saskatchewan,12.7,225000
Saskatchewan,12.75,230000
Saskatchewan,12.79,235000
Saskatchewan,12.84,240000
Saskatchewan,12.88,245000
Saskatchewan,12.93,250000
Saskatchewan,12.97,255000
Saskatchewan,13.01,260000
Saskatchewan,13.04,265000
Saskatchewan,13.08,270000
Saskatchewan,13.12,275000
Saskatchewan,13.15,280000
Saskatchewan,13.18,285000
Saskatchewan,13.21,290000
Saskatchewan,13.24,295000
Saskatchewan,13.27,300000
Saskatchewan,13.3,305000
Saskatchewan,13.33,310000
Saskatchewan,13.35,315000
Saskatchewan,13.38,320000
Saskatchewan,13.41,325000
Saskatchewan,13.43,330000
Saskatchewan,13.45,335000
Saskatchewan,13.48,340000
Saskatchewan,13.5,345000
Saskatchewan,13.52,350000
Saskatchewan,13.54,355000
Saskatchewan,13.56,360000
Saskatchewan,13.58,365000
Saskatchewan,13.6,370000
Saskatchewan,13.62,375000
Saskatchewan,13.64,380000
Saskatchewan,13.65,385000
Saskatchewan,13.67,390000
Saskatchewan,13.69,395000
Saskatchewan,13.7,400000
Saskatchewan,13.72,405000
Saskatchewan,13.74,410000
Saskatchewan,13.75,415000
Saskatchewan,13.77,420000
Saskatchewan,13.78,425000
Saskatchewan,13.79,430000
Saskatchewan,13.81,435000
Saskatchewan,13.82,440000
Saskatchewan,13.84,445000
Saskatchewan,13.85,450000
Saskatchewan,13.86,455000
Saskatchewan,13.87,460000
Saskatchewan,13.89,465000
Saskatchewan,13.9,470000
Saskatchewan,13.91,475000
Saskatchewan,13.92,480000
Saskatchewan,13.93,485000
Saskatchewan,13.94,490000
Saskatchewan,13.95,495000
Saskatchewan,13.96,500000
Quebec,0,1000
Quebec,0,1100
Quebec,0,1200
Quebec,0,1300
Quebec,0,1400
Quebec,0,1500
Quebec,0,1600
Quebec,0,1700
Quebec,0,1800
Quebec,0,1900
Quebec,0,2000
Quebec,0,2100
Quebec,0,2200
Quebec,0,2300
Quebec,0,2400
Quebec,0,2500
Quebec,0,2600
Quebec,0,2700
Quebec,0,2800
Quebec,0,2900
Quebec,0,3000
Quebec,0,3100
Quebec,0,3200
Quebec,0,3300
Quebec,0,3400
Quebec,0,3500
Quebec,0,3600
Quebec,0,3700
Quebec,0,3800
Quebec,0,3900
Quebec,0,4000
Quebec,0,4100
Quebec,0,4200
Quebec,0,4300
Quebec,0,4400
Quebec,0,4500
Quebec,0,4600
Quebec,0,4700
Quebec,0,4800
Quebec,0,4900
Quebec,0,5000
Quebec,0,5100
Quebec,0,5200
Quebec,0,5300
Quebec,0,5400
Quebec,0,5500
Quebec,0,5600
Quebec,0,5700
Quebec,0,5800
Quebec,0,5900
Quebec,0,6000
Quebec,0,6100
Quebec,0,6200
Quebec,0,6300
Quebec,0,6400
Quebec,0,6500
Quebec,0,6600
Quebec,0,6700
Quebec,0,6800
Quebec,0,6900
Quebec,0,7000
Quebec,0,7100
Quebec,0,7200
Quebec,0,7300
Quebec,0,7400
Quebec,0,7500
Quebec,0,7600
Quebec,0,7700
Quebec,0,7800
Quebec,0,7900
Quebec,0,8000
Quebec,0,8100
Quebec,0,8200
Quebec,0,8300
Quebec,0,8400
Quebec,0,8500
Quebec,0,8600
Quebec,0,8700
Quebec,0,8800
Quebec,0,8900
Quebec,0,9000
Quebec,0,9100
Quebec,0,9200
Quebec,0,9300
Quebec,0,9400
Quebec,0,9500
Quebec,0,9600
Quebec,0,9700
Quebec,0,9800
Quebec,0,9900
Quebec,0,10000
Quebec,0,11000
Quebec,0,12000
Quebec,0,13000
Quebec,0.05,14000
Quebec,1.15,15000
Quebec,2.11,16000
Quebec,2.96,17000
Quebec,3.71,18000
Quebec,4.5,19000
Quebec,5.25,20000
Quebec,5.79,21000
Quebec,6.28,22000
Quebec,6.72,23000
Quebec,7.13,24000
Quebec,7.51,25000
Quebec,7.86,26000
Quebec,8.18,27000
Quebec,8.48,28000
Quebec,8.75,29000
Quebec,9.01,30000
Quebec,9.26,31000
Quebec,9.49,32000
Quebec,9.7,33000
Quebec,9.9,34000
Quebec,10.09,35000
Quebec,10.27,36000
Quebec,10.44,37000
Quebec,10.6,38000
Quebec,10.75,39000
Quebec,10.9,40000
Quebec,11.04,41000
Quebec,11.25,42000
Quebec,11.55,43000
Quebec,11.84,44000
Quebec,12.04,45000
Quebec,12.22,46000
Quebec,12.4,47000
Quebec,12.57,48000
Quebec,12.73,49000
Quebec,12.89,50000
Quebec,13.04,51000
Quebec,13.18,52000
Quebec,13.32,53000
Quebec,13.45,54000
Quebec,13.58,55000
Quebec,13.71,56000
Quebec,13.83,57000
Quebec,13.94,58000
Quebec,14.06,59000
Quebec,14.16,60000
Quebec,14.65,65000
Quebec,15.08,70000
Quebec,15.41,75000
Quebec,15.7,80000
Quebec,15.96,85000
Quebec,16.41,90000
Quebec,16.81,95000
Quebec,17.17,100000
Quebec,17.53,105000
Quebec,17.9,110000
Quebec,18.24,115000
Quebec,18.55,120000
Quebec,18.84,125000
Quebec,19.11,130000
Quebec,19.38,135000
Quebec,19.75,140000
Quebec,20.1,145000
Quebec,20.42,150000
Quebec,20.71,155000
Quebec,20.87,160000
Quebec,21.02,165000
Quebec,21.16,170000
Quebec,21.29,175000
Quebec,21.41,180000
Quebec,21.53,185000
Quebec,21.64,190000
Quebec,21.74,195000
Quebec,21.84,200000
Quebec,21.94,205000
Quebec,22.03,210000
Quebec,22.12,215000
Quebec,22.2,220000
Quebec,22.28,225000
Quebec,22.35,230000
Quebec,22.43,235000
Quebec,22.5,240000
Quebec,22.56,245000
Quebec,22.63,250000
Quebec,22.69,255000
Quebec,22.75,260000
Quebec,22.8,265000
Quebec,22.86,270000
Quebec,22.91,275000
Quebec,22.96,280000
Quebec,23.01,285000
Quebec,23.06,290000
Quebec,23.1,295000
Quebec,23.15,300000
Quebec,23.19,305000
Quebec,23.23,310000
Quebec,23.27,315000
Quebec,23.31,320000
Quebec,23.35,325000
Quebec,23.38,330000
Quebec,23.42,335000
Quebec,23.45,340000
Quebec,23.49,345000
Quebec,23.52,350000
Quebec,23.55,355000
Quebec,23.58,360000
Quebec,23.61,365000
Quebec,23.64,370000
Quebec,23.67,375000
Quebec,23.69,380000
Quebec,23.72,385000
Quebec,23.75,390000
Quebec,23.77,395000
Quebec,23.8,400000
Quebec,23.82,405000
Quebec,23.85,410000
Quebec,23.87,415000
Quebec,23.89,420000
Quebec,23.91,425000
Quebec,23.93,430000
Quebec,23.95,435000
Quebec,23.97,440000
Quebec,23.99,445000
Quebec,24.01,450000
Quebec,24.03,455000
Quebec,24.05,460000
Quebec,24.07,465000
Quebec,24.09,470000
Quebec,24.11,475000
Quebec,24.12,480000
Quebec,24.14,485000
Quebec,24.16,490000
Quebec,24.17,495000
Quebec,24.19,500000
Prince Edward Island,0,1000
Prince Edward Island,0,1100
Prince Edward Island,0,1200
Prince Edward Island,0,1300
Prince Edward Island,0,1400
Prince Edward Island,0,1500
Prince Edward Island,0,1600
Prince Edward Island,0,1700
Prince Edward Island,0,1800
Prince Edward Island,0,1900
Prince Edward Island,0,2000
Prince Edward Island,0,2100
Prince Edward Island,0,2200
Prince Edward Island,0,2300
Prince Edward Island,0,2400
Prince Edward Island,0,2500
Prince Edward Island,0,2600
Prince Edward Island,0,2700
Prince Edward Island,0,2800
Prince Edward Island,0,2900
Prince Edward Island,0,3000
Prince Edward Island,0,3100
Prince Edward Island,0,3200
Prince Edward Island,0,3300
Prince Edward Island,0,3400
Prince Edward Island,0,3500
Prince Edward Island,0,3600
Prince Edward Island,0,3700
Prince Edward Island,0,3800
Prince Edward Island,0,3900
Prince Edward Island,0,4000
Prince Edward Island,0,4100
Prince Edward Island,0,4200
Prince Edward Island,0,4300
Prince Edward Island,0,4400
Prince Edward Island,0,4500
Prince Edward Island,0,4600
Prince Edward Island,0,4700
Prince Edward Island,0,4800
Prince Edward Island,0,4900
Prince Edward Island,0,5000
Prince Edward Island,0,5100
Prince Edward Island,0,5200
Prince Edward Island,0,5300
Prince Edward Island,0,5400
Prince Edward Island,0,5500
Prince Edward Island,0,5600
Prince Edward Island,0,5700
Prince Edward Island,0,5800
Prince Edward Island,0,5900
Prince Edward Island,0,6000
Prince Edward Island,0,6100
Prince Edward Island,0,6200
Prince Edward Island,0,6300
Prince Edward Island,0,6400
Prince Edward Island,0,6500
Prince Edward Island,0,6600
Prince Edward Island,0,6700
Prince Edward Island,0,6800
Prince Edward Island,0,6900
Prince Edward Island,0,7000
Prince Edward Island,0,7100
Prince Edward Island,0,7200
Prince Edward Island,0,7300
Prince Edward Island,0,7400
Prince Edward Island,0,7500
Prince Edward Island,0,7600
Prince Edward Island,0,7700
Prince Edward Island,0.12,7800
Prince Edward Island,0.24,7900
Prince Edward Island,0.36,8000
Prince Edward Island,0.47,8100
Prince Edward Island,0.59,8200
Prince Edward Island,0.7,8300
Prince Edward Island,0.81,8400
Prince Edward Island,0.91,8500
Prince Edward Island,1.02,8600
Prince Edward Island,1.12,8700
Prince Edward Island,1.22,8800
Prince Edward Island,1.31,8900
Prince Edward Island,1.41,9000
Prince Edward Island,1.5,9100
Prince Edward Island,1.59,9200
Prince Edward Island,1.68,9300
Prince Edward Island,1.76,9400
Prince Edward Island,1.85,9500
Prince Edward Island,1.93,9600
Prince Edward Island,2.01,9700
Prince Edward Island,2.09,9800
Prince Edward Island,2.17,9900
Prince Edward Island,2.25,10000
Prince Edward Island,2.93,11000
Prince Edward Island,3.51,12000
Prince Edward Island,3.99,13000
Prince Edward Island,4.4,14000
Prince Edward Island,4.76,15000
Prince Edward Island,5.08,16000
Prince Edward Island,5.36,17000
Prince Edward Island,5.6,18000
Prince Edward Island,5.82,19000
Prince Edward Island,6.02,20000
Prince Edward Island,6.2,21000
Prince Edward Island,6.37,22000
Prince Edward Island,6.52,23000
Prince Edward Island,6.65,24000
Prince Edward Island,6.78,25000
Prince Edward Island,6.89,26000
Prince Edward Island,7,27000
Prince Edward Island,7.1,28000
Prince Edward Island,7.2,29000
Prince Edward Island,7.28,30000
Prince Edward Island,7.36,31000
Prince Edward Island,7.44,32000
Prince Edward Island,7.63,33000
Prince Edward Island,7.82,34000
Prince Edward Island,7.99,35000
Prince Edward Island,8.15,36000
Prince Edward Island,8.3,37000
Prince Edward Island,8.45,38000
Prince Edward Island,8.58,39000
Prince Edward Island,8.71,40000
Prince Edward Island,8.84,41000
Prince Edward Island,8.96,42000
Prince Edward Island,9.07,43000
Prince Edward Island,9.18,44000
Prince Edward Island,9.28,45000
Prince Edward Island,9.38,46000
Prince Edward Island,9.47,47000
Prince Edward Island,9.56,48000
Prince Edward Island,9.65,49000
Prince Edward Island,9.73,50000
Prince Edward Island,9.81,51000
Prince Edward Island,9.89,52000
Prince Edward Island,9.96,53000
Prince Edward Island,10.03,54000
Prince Edward Island,10.1,55000
Prince Edward Island,10.17,56000
Prince Edward Island,10.23,57000
Prince Edward Island,10.29,58000
Prince Edward Island,10.35,59000
Prince Edward Island,10.41,60000
Prince Edward Island,10.72,65000
Prince Edward Island,11.14,70000
Prince Edward Island,11.51,75000
Prince Edward Island,11.84,80000
Prince Edward Island,12.12,85000
Prince Edward Island,12.38,90000
Prince Edward Island,12.61,95000
Prince Edward Island,12.81,100000
Prince Edward Island,13,105000
Prince Edward Island,13.16,110000
Prince Edward Island,13.32,115000
Prince Edward Island,13.46,120000
Prince Edward Island,13.59,125000
Prince Edward Island,13.71,130000
Prince Edward Island,13.82,135000
Prince Edward Island,13.92,140000
Prince Edward Island,14.02,145000
Prince Edward Island,14.11,150000
Prince Edward Island,14.19,155000
Prince Edward Island,14.27,160000
Prince Edward Island,14.34,165000
Prince Edward Island,14.41,170000
Prince Edward Island,14.48,175000
Prince Edward Island,14.54,180000
Prince Edward Island,14.6,185000
Prince Edward Island,14.65,190000
Prince Edward Island,14.71,195000
Prince Edward Island,14.76,200000
Prince Edward Island,14.8,205000
Prince Edward Island,14.85,210000
Prince Edward Island,14.89,215000
Prince Edward Island,14.93,220000
Prince Edward Island,14.97,225000
Prince Edward Island,15.01,230000
Prince Edward Island,15.04,235000
Prince Edward Island,15.08,240000
Prince Edward Island,15.11,245000
Prince Edward Island,15.14,250000
Prince Edward Island,15.17,255000
Prince Edward Island,15.2,260000
Prince Edward Island,15.23,265000
Prince Edward Island,15.26,270000
Prince Edward Island,15.29,275000
Prince Edward Island,15.31,280000
Prince Edward Island,15.34,285000
Prince Edward Island,15.36,290000
Prince Edward Island,15.38,295000
Prince Edward Island,15.4,300000
Prince Edward Island,15.42,305000
Prince Edward Island,15.45,310000
Prince Edward Island,15.47,315000
Prince Edward Island,15.48,320000
Prince Edward Island,15.5,325000
Prince Edward Island,15.52,330000
Prince Edward Island,15.54,335000
Prince Edward Island,15.56,340000
Prince Edward Island,15.57,345000
Prince Edward Island,15.59,350000
Prince Edward Island,15.6,355000
Prince Edward Island,15.62,360000
Prince Edward Island,15.63,365000
Prince Edward Island,15.65,370000
Prince Edward Island,15.66,375000
Prince Edward Island,15.68,380000
Prince Edward Island,15.69,385000
Prince Edward Island,15.7,390000
Prince Edward Island,15.72,395000
Prince Edward Island,15.73,400000
Prince Edward Island,15.74,405000
Prince Edward Island,15.75,410000
Prince Edward Island,15.76,415000
Prince Edward Island,15.77,420000
Prince Edward Island,15.78,425000
Prince Edward Island,15.8,430000
Prince Edward Island,15.81,435000
Prince Edward Island,15.82,440000
Prince Edward Island,15.83,445000
Prince Edward Island,15.84,450000
Prince Edward Island,15.85,455000
Prince Edward Island,15.85,460000
Prince Edward Island,15.86,465000
Prince Edward Island,15.87,470000
Prince Edward Island,15.88,475000
Prince Edward Island,15.89,480000
Prince Edward Island,15.9,485000
Prince Edward Island,15.91,490000
Prince Edward Island,15.91,495000
Prince Edward Island,15.92,500000
Ontario,0,1000
Ontario,0,1100
Ontario,0,1200
Ontario,0,1300
Ontario,0,1400
Ontario,0,1500
Ontario,0,1600
Ontario,0,1700
Ontario,0,1800
Ontario,0,1900
Ontario,0,2000
Ontario,0,2100
Ontario,0,2200
Ontario,0,2300
Ontario,0,2400
Ontario,0,2500
Ontario,0,2600
Ontario,0,2700
Ontario,0,2800
Ontario,0,2900
Ontario,0,3000
Ontario,0,3100
Ontario,0,3200
Ontario,0,3300
Ontario,0,3400
Ontario,0,3500
Ontario,0,3600
Ontario,0,3700
Ontario,0,3800
Ontario,0,3900
Ontario,0,4000
Ontario,0,4100
Ontario,0,4200
Ontario,0,4300
Ontario,0,4400
Ontario,0,4500
Ontario,0,4600
Ontario,0,4700
Ontario,0,4800
Ontario,0,4900
Ontario,0,5000
Ontario,0,5100
Ontario,0,5200
Ontario,0,5300
Ontario,0,5400
Ontario,0,5500
Ontario,0,5600
Ontario,0,5700
Ontario,0,5800
Ontario,0,5900
Ontario,0,6000
Ontario,0,6100
Ontario,0,6200
Ontario,0,6300
Ontario,0,6400
Ontario,0,6500
Ontario,0,6600
Ontario,0,6700
Ontario,0,6800
Ontario,0,6900
Ontario,0,7000
Ontario,0,7100
Ontario,0,7200
Ontario,0,7300
Ontario,0,7400
Ontario,0,7500
Ontario,0,7600
Ontario,0,7700
Ontario,0,7800
Ontario,0,7900
Ontario,0,8000
Ontario,0,8100
Ontario,0,8200
Ontario,0,8300
Ontario,0,8400
Ontario,0,8500
Ontario,0,8600
Ontario,0,8700
Ontario,0,8800
Ontario,0,8900
Ontario,0,9000
Ontario,0,9100
Ontario,0,9200
Ontario,0,9300
Ontario,0,9400
Ontario,0,9500
Ontario,0,9600
Ontario,0,9700
Ontario,0,9800
Ontario,0,9900
Ontario,0,10000
Ontario,0.45,11000
Ontario,0.84,12000
Ontario,1.16,13000
Ontario,1.44,14000
Ontario,1.68,15000
Ontario,1.89,16000
Ontario,2.08,17000
Ontario,2.24,18000
Ontario,2.39,19000
Ontario,2.52,20000
Ontario,2.93,21000
Ontario,3.3,22000
Ontario,3.63,23000
Ontario,3.94,24000
Ontario,4.23,25000
Ontario,4.26,26000
Ontario,4.29,27000
Ontario,4.32,28000
Ontario,4.34,29000
Ontario,4.36,30000
Ontario,4.39,31000
Ontario,4.41,32000
Ontario,4.43,33000
Ontario,4.45,34000
Ontario,4.46,35000
Ontario,4.48,36000
Ontario,4.66,37000
Ontario,4.82,38000
Ontario,4.91,39000
Ontario,4.91,40000
Ontario,4.91,41000
Ontario,4.96,42000
Ontario,5.06,43000
Ontario,5.15,44000
Ontario,5.24,45000
Ontario,5.33,46000
Ontario,5.41,47000
Ontario,5.49,48000
Ontario,5.87,49000
Ontario,5.93,50000
Ontario,6,51000
Ontario,6.06,52000
Ontario,6.12,53000
Ontario,6.17,54000
Ontario,6.23,55000
Ontario,6.28,56000
Ontario,6.33,57000
Ontario,6.38,58000
Ontario,6.42,59000
Ontario,6.47,60000
Ontario,6.68,65000
Ontario,6.85,70000
Ontario,7.21,75000
Ontario,7.33,80000
Ontario,7.48,85000
Ontario,7.68,90000
Ontario,7.87,95000
Ontario,8.03,100000
Ontario,8.18,105000
Ontario,8.32,110000
Ontario,8.44,115000
Ontario,8.55,120000
Ontario,8.66,125000
Ontario,8.75,130000
Ontario,8.84,135000
Ontario,8.93,140000
Ontario,9,145000
Ontario,9.07,150000
Ontario,9.17,155000
Ontario,9.27,160000
Ontario,9.35,165000
Ontario,9.44,170000
Ontario,9.52,175000
Ontario,9.59,180000
Ontario,9.66,185000
Ontario,9.72,190000
Ontario,9.79,195000
Ontario,9.85,200000
Ontario,9.98,205000
Ontario,10.03,210000
Ontario,10.08,215000
Ontario,10.12,220000
Ontario,10.19,225000
Ontario,10.26,230000
Ontario,10.32,235000
Ontario,10.38,240000
Ontario,10.43,245000
Ontario,10.49,250000
Ontario,10.54,255000
Ontario,10.59,260000
Ontario,10.64,265000
Ontario,10.69,270000
Ontario,10.73,275000
Ontario,10.77,280000
Ontario,10.82,285000
Ontario,10.86,290000
Ontario,10.9,295000
Ontario,10.93,300000
Ontario,10.97,305000
Ontario,11.01,310000
Ontario,11.04,315000
Ontario,11.07,320000
Ontario,11.11,325000
Ontario,11.14,330000
Ontario,11.17,335000
Ontario,11.2,340000
Ontario,11.22,345000
Ontario,11.25,350000
Ontario,11.28,355000
Ontario,11.3,360000
Ontario,11.33,365000
Ontario,11.36,370000
Ontario,11.38,375000
Ontario,11.4,380000
Ontario,11.43,385000
Ontario,11.45,390000
Ontario,11.47,395000
Ontario,11.49,400000
Ontario,11.51,405000
Ontario,11.53,410000
Ontario,11.55,415000
Ontario,11.57,420000
Ontario,11.59,425000
Ontario,11.61,430000
Ontario,11.62,435000
Ontario,11.64,440000
Ontario,11.66,445000
Ontario,11.68,450000
Ontario,11.69,455000
Ontario,11.71,460000
Ontario,11.72,465000
Ontario,11.74,470000
Ontario,11.75,475000
Ontario,11.77,480000
Ontario,11.78,485000
Ontario,11.8,490000
Ontario,11.81,495000
Ontario,11.82,500000
Nunavut,0,1000
Nunavut,0,1100
Nunavut,0,1200
Nunavut,0,1300
Nunavut,0,1400
Nunavut,0,1500
Nunavut,0,1600
Nunavut,0,1700
Nunavut,0,1800
Nunavut,0,1900
Nunavut,0,2000
Nunavut,0,2100
Nunavut,0,2200
Nunavut,0,2300
Nunavut,0,2400
Nunavut,0,2500
Nunavut,0,2600
Nunavut,0,2700
Nunavut,0,2800
Nunavut,0,2900
Nunavut,0,3000
Nunavut,0,3100
Nunavut,0,3200
Nunavut,0,3300
Nunavut,0,3400
Nunavut,0,3500
Nunavut,0,3600
Nunavut,0,3700
Nunavut,0,3800
Nunavut,0,3900
Nunavut,0,4000
Nunavut,0,4100
Nunavut,0,4200
Nunavut,0,4300
Nunavut,0,4400
Nunavut,0,4500
Nunavut,0,4600
Nunavut,0,4700
Nunavut,0,4800
Nunavut,0,4900
Nunavut,0,5000
Nunavut,0,5100
Nunavut,0,5200
Nunavut,0,5300
Nunavut,0,5400
Nunavut,0,5500
Nunavut,0,5600
Nunavut,0,5700
Nunavut,0,5800
Nunavut,0,5900
Nunavut,0,6000
Nunavut,0,6100
Nunavut,0,6200
Nunavut,0,6300
Nunavut,0,6400
Nunavut,0,6500
Nunavut,0,6600
Nunavut,0,6700
Nunavut,0,6800
Nunavut,0,6900
Nunavut,0,7000
Nunavut,0,7100
Nunavut,0,7200
Nunavut,0,7300
Nunavut,0,7400
Nunavut,0,7500
Nunavut,0,7600
Nunavut,0,7700
Nunavut,0,7800
Nunavut,0,7900
Nunavut,0,8000
Nunavut,0,8100
Nunavut,0,8200
Nunavut,0,8300
Nunavut,0,8400
Nunavut,0,8500
Nunavut,0,8600
Nunavut,0,8700
Nunavut,0,8800
Nunavut,0,8900
Nunavut,0,9000
Nunavut,0,9100
Nunavut,0,9200
Nunavut,0,9300
Nunavut,0,9400
Nunavut,0,9500
Nunavut,0,9600
Nunavut,0,9700
Nunavut,0,9800
Nunavut,0,9900
Nunavut,0,10000
Nunavut,0,11000
Nunavut,0,12000
Nunavut,0.02,13000
Nunavut,0.3,14000
Nunavut,0.55,15000
Nunavut,0.76,16000
Nunavut,0.95,17000
Nunavut,1.12,18000
Nunavut,1.27,19000
Nunavut,1.41,20000
Nunavut,1.53,21000
Nunavut,1.65,22000
Nunavut,1.75,23000
Nunavut,1.84,24000
Nunavut,1.93,25000
Nunavut,2.01,26000
Nunavut,2.08,27000
Nunavut,2.15,28000
Nunavut,2.21,29000
Nunavut,2.27,30000
Nunavut,2.33,31000
Nunavut,2.38,32000
Nunavut,2.43,33000
Nunavut,2.48,34000
Nunavut,2.52,35000
Nunavut,2.56,36000
Nunavut,2.6,37000
Nunavut,2.64,38000
Nunavut,2.67,39000
Nunavut,2.71,40000
Nunavut,2.74,41000
Nunavut,2.77,42000
Nunavut,2.8,43000
Nunavut,2.88,44000
Nunavut,2.97,45000
Nunavut,3.06,46000
Nunavut,3.14,47000
Nunavut,3.22,48000
Nunavut,3.3,49000
Nunavut,3.37,50000
Nunavut,3.44,51000
Nunavut,3.51,52000
Nunavut,3.58,53000
Nunavut,3.64,54000
Nunavut,3.7,55000
Nunavut,3.76,56000
Nunavut,3.82,57000
Nunavut,3.87,58000
Nunavut,3.93,59000
Nunavut,3.98,60000
Nunavut,4.21,65000
Nunavut,4.41,70000
Nunavut,4.58,75000
Nunavut,4.73,80000
Nunavut,4.87,85000
Nunavut,5.07,90000
Nunavut,5.27,95000
Nunavut,5.46,100000
Nunavut,5.63,105000
Nunavut,5.78,110000
Nunavut,5.92,115000
Nunavut,6.05,120000
Nunavut,6.17,125000
Nunavut,6.28,130000
Nunavut,6.38,135000
Nunavut,6.47,140000
Nunavut,6.64,145000
Nunavut,6.8,150000
Nunavut,6.95,155000
Nunavut,7.09,160000
Nunavut,7.23,165000
Nunavut,7.35,170000
Nunavut,7.47,175000
Nunavut,7.58,180000
Nunavut,7.69,185000
Nunavut,7.79,190000
Nunavut,7.88,195000
Nunavut,7.98,200000
Nunavut,8.06,205000
Nunavut,8.14,210000
Nunavut,8.22,215000
Nunavut,8.3,220000
Nunavut,8.37,225000
Nunavut,8.43,230000
Nunavut,8.5,235000
Nunavut,8.56,240000
Nunavut,8.62,245000
Nunavut,8.68,250000
Nunavut,8.74,255000
Nunavut,8.79,260000
Nunavut,8.84,265000
Nunavut,8.89,270000
Nunavut,8.94,275000
Nunavut,8.98,280000
Nunavut,9.03,285000
Nunavut,9.07,290000
Nunavut,9.11,295000
Nunavut,9.15,300000
Nunavut,9.19,305000
Nunavut,9.23,310000
Nunavut,9.26,315000
Nunavut,9.3,320000
Nunavut,9.33,325000
Nunavut,9.36,330000
Nunavut,9.4,335000
Nunavut,9.43,340000
Nunavut,9.46,345000
Nunavut,9.49,350000
Nunavut,9.51,355000
Nunavut,9.54,360000
Nunavut,9.57,365000
Nunavut,9.59,370000
Nunavut,9.62,375000
Nunavut,9.64,380000
Nunavut,9.67,385000
Nunavut,9.69,390000
Nunavut,9.72,395000
Nunavut,9.74,400000
Nunavut,9.76,405000
Nunavut,9.78,410000
Nunavut,9.8,415000
Nunavut,9.82,420000
Nunavut,9.84,425000
Nunavut,9.86,430000
Nunavut,9.88,435000
Nunavut,9.9,440000
Nunavut,9.92,445000
Nunavut,9.93,450000
Nunavut,9.95,455000
Nunavut,9.97,460000
Nunavut,9.98,465000
Nunavut,10,470000
Nunavut,10.02,475000
Nunavut,10.03,480000
Nunavut,10.05,485000
Nunavut,10.06,490000
Nunavut,10.08,495000
Nunavut,10.09,500000
Nova Scotia,0,1000
Nova Scotia,0,1100
Nova Scotia,0,1200
Nova Scotia,0,1300
Nova Scotia,0,1400
Nova Scotia,0,1500
Nova Scotia,0,1600
Nova Scotia,0,1700
Nova Scotia,0,1800
Nova Scotia,0,1900
Nova Scotia,0,2000
Nova Scotia,0,2100
Nova Scotia,0,2200
Nova Scotia,0,2300
Nova Scotia,0,2400
Nova Scotia,0,2500
Nova Scotia,0,2600
Nova Scotia,0,2700
Nova Scotia,0,2800
Nova Scotia,0,2900
Nova Scotia,0,3000
Nova Scotia,0,3100
Nova Scotia,0,3200
Nova Scotia,0,3300
Nova Scotia,0,3400
Nova Scotia,0,3500
Nova Scotia,0,3600
Nova Scotia,0,3700
Nova Scotia,0,3800
Nova Scotia,0,3900
Nova Scotia,0,4000
Nova Scotia,0,4100
Nova Scotia,0,4200
Nova Scotia,0,4300
Nova Scotia,0,4400
Nova Scotia,0,4500
Nova Scotia,0,4600
Nova Scotia,0,4700
Nova Scotia,0,4800
Nova Scotia,0,4900
Nova Scotia,0,5000
Nova Scotia,0,5100
Nova Scotia,0,5200
Nova Scotia,0,5300
Nova Scotia,0,5400
Nova Scotia,0,5500
Nova Scotia,0,5600
Nova Scotia,0,5700
Nova Scotia,0,5800
Nova Scotia,0,5900
Nova Scotia,0,6000
Nova Scotia,0,6100
Nova Scotia,0,6200
Nova Scotia,0,6300
Nova Scotia,0,6400
Nova Scotia,0,6500
Nova Scotia,0,6600
Nova Scotia,0,6700
Nova Scotia,0,6800
Nova Scotia,0,6900
Nova Scotia,0,7000
Nova Scotia,0,7100
Nova Scotia,0,7200
Nova Scotia,0,7300
Nova Scotia,0,7400
Nova Scotia,0,7500
Nova Scotia,0,7600
Nova Scotia,0,7700
Nova Scotia,0,7800
Nova Scotia,0,7900
Nova Scotia,0,8000
Nova Scotia,0,8100
Nova Scotia,0,8200
Nova Scotia,0,8300
Nova Scotia,0,8400
Nova Scotia,0.02,8500
Nova Scotia,0.12,8600
Nova Scotia,0.22,8700
Nova Scotia,0.32,8800
Nova Scotia,0.41,8900
Nova Scotia,0.51,9000
Nova Scotia,0.6,9100
Nova Scotia,0.69,9200
Nova Scotia,0.77,9300
Nova Scotia,0.86,9400
Nova Scotia,0.94,9500
Nova Scotia,1.02,9600
Nova Scotia,1.1,9700
Nova Scotia,1.18,9800
Nova Scotia,1.26,9900
Nova Scotia,1.34,10000
Nova Scotia,2.01,11000
Nova Scotia,2.58,12000
Nova Scotia,3.06,13000
Nova Scotia,3.47,14000
Nova Scotia,3.82,15000
Nova Scotia,4.13,16000
Nova Scotia,4.4,17000
Nova Scotia,4.65,18000
Nova Scotia,4.87,19000
Nova Scotia,5.06,20000
Nova Scotia,5.24,21000
Nova Scotia,5.4,22000
Nova Scotia,5.55,23000
Nova Scotia,5.68,24000
Nova Scotia,5.81,25000
Nova Scotia,5.92,26000
Nova Scotia,6.03,27000
Nova Scotia,6.13,28000
Nova Scotia,6.22,29000
Nova Scotia,6.39,30000
Nova Scotia,6.67,31000
Nova Scotia,6.92,32000
Nova Scotia,7.17,33000
Nova Scotia,7.4,34000
Nova Scotia,7.61,35000
Nova Scotia,7.82,36000
Nova Scotia,8.01,37000
Nova Scotia,8.19,38000
Nova Scotia,8.36,39000
Nova Scotia,8.53,40000
Nova Scotia,8.69,41000
Nova Scotia,8.84,42000
Nova Scotia,8.98,43000
Nova Scotia,9.11,44000
Nova Scotia,9.24,45000
Nova Scotia,9.37,46000
Nova Scotia,9.49,47000
Nova Scotia,9.6,48000
Nova Scotia,9.71,49000
Nova Scotia,9.81,50000
Nova Scotia,9.91,51000
Nova Scotia,10.01,52000
Nova Scotia,10.1,53000
Nova Scotia,10.19,54000
Nova Scotia,10.28,55000
Nova Scotia,10.36,56000
Nova Scotia,10.44,57000
Nova Scotia,10.52,58000
Nova Scotia,10.6,59000
Nova Scotia,10.69,60000
Nova Scotia,11.15,65000
Nova Scotia,11.55,70000
Nova Scotia,11.89,75000
Nova Scotia,12.19,80000
Nova Scotia,12.45,85000
Nova Scotia,12.69,90000
Nova Scotia,12.91,95000
Nova Scotia,13.14,100000
Nova Scotia,13.35,105000
Nova Scotia,13.54,110000
Nova Scotia,13.71,115000
Nova Scotia,13.87,120000
Nova Scotia,14.01,125000
Nova Scotia,14.15,130000
Nova Scotia,14.27,135000
Nova Scotia,14.39,140000
Nova Scotia,14.49,145000
Nova Scotia,14.59,150000
Nova Scotia,14.8,155000
Nova Scotia,14.99,160000
Nova Scotia,15.18,165000
Nova Scotia,15.35,170000
Nova Scotia,15.51,175000
Nova Scotia,15.66,180000
Nova Scotia,15.81,185000
Nova Scotia,15.94,190000
Nova Scotia,16.07,195000
Nova Scotia,16.2,200000
Nova Scotia,16.31,205000
Nova Scotia,16.42,210000
Nova Scotia,16.53,215000
Nova Scotia,16.63,220000
Nova Scotia,16.73,225000
Nova Scotia,16.82,230000
Nova Scotia,16.91,235000
Nova Scotia,17,240000
Nova Scotia,17.08,245000
Nova Scotia,17.16,250000
Nova Scotia,17.23,255000
Nova Scotia,17.3,260000
Nova Scotia,17.37,265000
Nova Scotia,17.44,270000
Nova Scotia,17.51,275000
Nova Scotia,17.57,280000
Nova Scotia,17.63,285000
Nova Scotia,17.69,290000
Nova Scotia,17.74,295000
Nova Scotia,17.8,300000
Nova Scotia,17.85,305000
Nova Scotia,17.9,310000
Nova Scotia,17.95,315000
Nova Scotia,18,320000
Nova Scotia,18.04,325000
Nova Scotia,18.09,330000
Nova Scotia,18.13,335000
Nova Scotia,18.17,340000
Nova Scotia,18.22,345000
Nova Scotia,18.25,350000
Nova Scotia,18.29,355000
Nova Scotia,18.33,360000
Nova Scotia,18.37,365000
Nova Scotia,18.4,370000
Nova Scotia,18.44,375000
Nova Scotia,18.47,380000
Nova Scotia,18.5,385000
Nova Scotia,18.54,390000
Nova Scotia,18.57,395000
Nova Scotia,18.6,400000
Nova Scotia,18.63,405000
Nova Scotia,18.66,410000
Nova Scotia,18.68,415000
Nova Scotia,18.71,420000
Nova Scotia,18.74,425000
Nova Scotia,18.77,430000
Nova Scotia,18.79,435000
Nova Scotia,18.82,440000
Nova Scotia,18.84,445000
Nova Scotia,18.86,450000
Nova Scotia,18.89,455000
Nova Scotia,18.91,460000
Nova Scotia,18.93,465000
Nova Scotia,18.96,470000
Nova Scotia,18.98,475000
Nova Scotia,19,480000
Nova Scotia,19.02,485000
Nova Scotia,19.04,490000
Nova Scotia,19.06,495000
Nova Scotia,19.08,500000
Northwest Territories,0,1000
Northwest Territories,0,1100
Northwest Territories,0,1200
Northwest Territories,0,1300
Northwest Territories,0,1400
Northwest Territories,0,1500
Northwest Territories,0,1600
Northwest Territories,0,1700
Northwest Territories,0,1800
Northwest Territories,0,1900
Northwest Territories,0,2000
Northwest Territories,0,2100
Northwest Territories,0,2200
Northwest Territories,0,2300
Northwest Territories,0,2400
Northwest Territories,0,2500
Northwest Territories,0,2600
Northwest Territories,0,2700
Northwest Territories,0,2800
Northwest Territories,0,2900
Northwest Territories,0,3000
Northwest Territories,0,3100
Northwest Territories,0,3200
Northwest Territories,0,3300
Northwest Territories,0,3400
Northwest Territories,0,3500
Northwest Territories,0,3600
Northwest Territories,0,3700
Northwest Territories,0,3800
Northwest Territories,0,3900
Northwest Territories,0,4000
Northwest Territories,0,4100
Northwest Territories,0,4200
Northwest Territories,0,4300
Northwest Territories,0,4400
Northwest Territories,0,4500
Northwest Territories,0,4600
Northwest Territories,0,4700
Northwest Territories,0,4800
Northwest Territories,0,4900
Northwest Territories,0,5000
Northwest Territories,0,5100
Northwest Territories,0,5200
Northwest Territories,0,5300
Northwest Territories,0,5400
Northwest Territories,0,5500
Northwest Territories,0,5600
Northwest Territories,0,5700
Northwest Territories,0,5800
Northwest Territories,0,5900
Northwest Territories,0,6000
Northwest Territories,0,6100
Northwest Territories,0,6200
Northwest Territories,0,6300
Northwest Territories,0,6400
Northwest Territories,0,6500
Northwest Territories,0,6600
Northwest Territories,0,6700
Northwest Territories,0,6800
Northwest Territories,0,6900
Northwest Territories,0,7000
Northwest Territories,0,7100
Northwest Territories,0,7200
Northwest Territories,0,7300
Northwest Territories,0,7400
Northwest Territories,0,7500
Northwest Territories,0,7600
Northwest Territories,0,7700
Northwest Territories,0,7800
Northwest Territories,0,7900
Northwest Territories,0,8000
Northwest Territories,0,8100
Northwest Territories,0,8200
Northwest Territories,0,8300
Northwest Territories,0,8400
Northwest Territories,0,8500
Northwest Territories,0,8600
Northwest Territories,0,8700
Northwest Territories,0,8800
Northwest Territories,0,8900
Northwest Territories,0,9000
Northwest Territories,0,9100
Northwest Territories,0,9200
Northwest Territories,0,9300
Northwest Territories,0,9400
Northwest Territories,0,9500
Northwest Territories,0,9600
Northwest Territories,0,9700
Northwest Territories,0,9800
Northwest Territories,0,9900
Northwest Territories,0,10000
Northwest Territories,0,11000
Northwest Territories,0,12000
Northwest Territories,0,13000
Northwest Territories,0,14000
Northwest Territories,0.36,15000
Northwest Territories,0.71,16000
Northwest Territories,1.01,17000
Northwest Territories,1.28,18000
Northwest Territories,1.53,19000
Northwest Territories,1.75,20000
Northwest Territories,1.94,21000
Northwest Territories,2.12,22000
Northwest Territories,2.29,23000
Northwest Territories,2.44,24000
Northwest Territories,2.58,25000
Northwest Territories,2.7,26000
Northwest Territories,2.82,27000
Northwest Territories,2.93,28000
Northwest Territories,3.04,29000
Northwest Territories,3.13,30000
Northwest Territories,3.22,31000
Northwest Territories,3.3,32000
Northwest Territories,3.38,33000
Northwest Territories,3.46,34000
Northwest Territories,3.53,35000
Northwest Territories,3.59,36000
Northwest Territories,3.65,37000
Northwest Territories,3.71,38000
Northwest Territories,3.77,39000
Northwest Territories,3.82,40000
Northwest Territories,3.87,41000
Northwest Territories,3.99,42000
Northwest Territories,4.09,43000
Northwest Territories,4.2,44000
Northwest Territories,4.29,45000
Northwest Territories,4.39,46000
Northwest Territories,4.48,47000
Northwest Territories,4.56,48000
Northwest Territories,4.64,49000
Northwest Territories,4.72,50000
Northwest Territories,4.8,51000
Northwest Territories,4.87,52000
Northwest Territories,4.94,53000
Northwest Territories,5.01,54000
Northwest Territories,5.08,55000
Northwest Territories,5.14,56000
Northwest Territories,5.2,57000
Northwest Territories,5.26,58000
Northwest Territories,5.32,59000
Northwest Territories,5.37,60000
Northwest Territories,5.62,65000
Northwest Territories,5.83,70000
Northwest Territories,6.02,75000
Northwest Territories,6.18,80000
Northwest Territories,6.45,85000
Northwest Territories,6.77,90000
Northwest Territories,7.05,95000
Northwest Territories,7.31,100000
Northwest Territories,7.54,105000
Northwest Territories,7.75,110000
Northwest Territories,7.95,115000
Northwest Territories,8.12,120000
Northwest Territories,8.29,125000
Northwest Territories,8.44,130000
Northwest Territories,8.6,135000
Northwest Territories,8.79,140000
Northwest Territories,8.98,145000
Northwest Territories,9.14,150000
Northwest Territories,9.3,155000
Northwest Territories,9.45,160000
Northwest Territories,9.59,165000
Northwest Territories,9.72,170000
Northwest Territories,9.85,175000
Northwest Territories,9.96,180000
Northwest Territories,10.07,185000
Northwest Territories,10.18,190000
Northwest Territories,10.28,195000
Northwest Territories,10.37,200000
Northwest Territories,10.46,205000
Northwest Territories,10.55,210000
Northwest Territories,10.63,215000
Northwest Territories,10.71,220000
Northwest Territories,10.78,225000
Northwest Territories,10.85,230000
Northwest Territories,10.92,235000
Northwest Territories,10.98,240000
Northwest Territories,11.05,245000
Northwest Territories,11.11,250000
Northwest Territories,11.16,255000
Northwest Territories,11.22,260000
Northwest Territories,11.27,265000
Northwest Territories,11.32,270000
Northwest Territories,11.37,275000
Northwest Territories,11.42,280000
Northwest Territories,11.47,285000
Northwest Territories,11.51,290000
Northwest Territories,11.56,295000
Northwest Territories,11.6,300000
Northwest Territories,11.64,305000
Northwest Territories,11.68,310000
Northwest Territories,11.71,315000
Northwest Territories,11.75,320000
Northwest Territories,11.79,325000
Northwest Territories,11.82,330000
Northwest Territories,11.85,335000
Northwest Territories,11.89,340000
Northwest Territories,11.92,345000
Northwest Territories,11.95,350000
Northwest Territories,11.98,355000
Northwest Territories,12.01,360000
Northwest Territories,12.03,365000
Northwest Territories,12.06,370000
Northwest Territories,12.09,375000
Northwest Territories,12.11,380000
Northwest Territories,12.14,385000
Northwest Territories,12.16,390000
Northwest Territories,12.19,395000
Northwest Territories,12.21,400000
Northwest Territories,12.23,405000
Northwest Territories,12.26,410000
Northwest Territories,12.28,415000
Northwest Territories,12.3,420000
Northwest Territories,12.32,425000
Northwest Territories,12.34,430000
Northwest Territories,12.36,435000
Northwest Territories,12.38,440000
Northwest Territories,12.4,445000
Northwest Territories,12.41,450000
Northwest Territories,12.43,455000
Northwest Territories,12.45,460000
Northwest Territories,12.47,465000
Northwest Territories,12.48,470000
Northwest Territories,12.5,475000
Northwest Territories,12.52,480000
Northwest Territories,12.53,485000
Northwest Territories,12.55,490000
Northwest Territories,12.56,495000
Northwest Territories,12.58,500000
Newfoundland and Labrador,0,1000
Newfoundland and Labrador,0,1100
Newfoundland and Labrador,0,1200
Newfoundland and Labrador,0,1300
Newfoundland and Labrador,0,1400
Newfoundland and Labrador,0,1500
Newfoundland and Labrador,0,1600
Newfoundland and Labrador,0,1700
Newfoundland and Labrador,0,1800
Newfoundland and Labrador,0,1900
Newfoundland and Labrador,0,2000
Newfoundland and Labrador,0,2100
Newfoundland and Labrador,0,2200
Newfoundland and Labrador,0,2300
Newfoundland and Labrador,0,2400
Newfoundland and Labrador,0,2500
Newfoundland and Labrador,0,2600
Newfoundland and Labrador,0,2700
Newfoundland and Labrador,0,2800
Newfoundland and Labrador,0,2900
Newfoundland and Labrador,0,3000
Newfoundland and Labrador,0,3100
Newfoundland and Labrador,0,3200
Newfoundland and Labrador,0,3300
Newfoundland and Labrador,0,3400
Newfoundland and Labrador,0,3500
Newfoundland and Labrador,0,3600
Newfoundland and Labrador,0,3700
Newfoundland and Labrador,0,3800
Newfoundland and Labrador,0,3900
Newfoundland and Labrador,0,4000
Newfoundland and Labrador,0,4100
Newfoundland and Labrador,0,4200
Newfoundland and Labrador,0,4300
Newfoundland and Labrador,0,4400
Newfoundland and Labrador,0,4500
Newfoundland and Labrador,0,4600
Newfoundland and Labrador,0,4700
Newfoundland and Labrador,0,4800
Newfoundland and Labrador,0,4900
Newfoundland and Labrador,0,5000
Newfoundland and Labrador,0,5100
Newfoundland and Labrador,0,5200
Newfoundland and Labrador,0,5300
Newfoundland and Labrador,0,5400
Newfoundland and Labrador,0,5500
Newfoundland and Labrador,0,5600
Newfoundland and Labrador,0,5700
Newfoundland and Labrador,0,5800
Newfoundland and Labrador,0,5900
Newfoundland and Labrador,0,6000
Newfoundland and Labrador,0,6100
Newfoundland and Labrador,0,6200
Newfoundland and Labrador,0,6300
Newfoundland and Labrador,0,6400
Newfoundland and Labrador,0,6500
Newfoundland and Labrador,0,6600
Newfoundland and Labrador,0,6700
Newfoundland and Labrador,0,6800
Newfoundland and Labrador,0,6900
Newfoundland and Labrador,0,7000
Newfoundland and Labrador,0,7100
Newfoundland and Labrador,0,7200
Newfoundland and Labrador,0,7300
Newfoundland and Labrador,0,7400
Newfoundland and Labrador,0,7500
Newfoundland and Labrador,0,7600
Newfoundland and Labrador,0,7700
Newfoundland and Labrador,0,7800
Newfoundland and Labrador,0,7900
Newfoundland and Labrador,0,8000
Newfoundland and Labrador,0,8100
Newfoundland and Labrador,0,8200
Newfoundland and Labrador,0,8300
Newfoundland and Labrador,0,8400
Newfoundland and Labrador,0,8500
Newfoundland and Labrador,0,8600
Newfoundland and Labrador,0,8700
Newfoundland and Labrador,0,8800
Newfoundland and Labrador,0.08,8900
Newfoundland and Labrador,0.17,9000
Newfoundland and Labrador,0.25,9100
Newfoundland and Labrador,0.33,9200
Newfoundland and Labrador,0.41,9300
Newfoundland and Labrador,0.49,9400
Newfoundland and Labrador,0.57,9500
Newfoundland and Labrador,0.64,9600
Newfoundland and Labrador,0.71,9700
Newfoundland and Labrador,0.78,9800
Newfoundland and Labrador,0.85,9900
Newfoundland and Labrador,0.92,10000
Newfoundland and Labrador,1.54,11000
Newfoundland and Labrador,2.05,12000
Newfoundland and Labrador,2.49,13000
Newfoundland and Labrador,2.86,14000
Newfoundland and Labrador,3.18,15000
Newfoundland and Labrador,3.46,16000
Newfoundland and Labrador,3.71,17000
Newfoundland and Labrador,3.93,18000
Newfoundland and Labrador,4.13,19000
Newfoundland and Labrador,4.31,20000
Newfoundland and Labrador,4.47,21000
Newfoundland and Labrador,4.62,22000
Newfoundland and Labrador,4.75,23000
Newfoundland and Labrador,4.88,24000
Newfoundland and Labrador,4.99,25000
Newfoundland and Labrador,5.09,26000
Newfoundland and Labrador,5.19,27000
Newfoundland and Labrador,5.28,28000
Newfoundland and Labrador,5.36,29000
Newfoundland and Labrador,5.44,30000
Newfoundland and Labrador,5.51,31000
Newfoundland and Labrador,5.58,32000
Newfoundland and Labrador,5.65,33000
Newfoundland and Labrador,5.71,34000
Newfoundland and Labrador,5.76,35000
Newfoundland and Labrador,5.93,36000
Newfoundland and Labrador,6.11,37000
Newfoundland and Labrador,6.28,38000
Newfoundland and Labrador,6.44,39000
Newfoundland and Labrador,6.59,40000
Newfoundland and Labrador,6.73,41000
Newfoundland and Labrador,6.87,42000
Newfoundland and Labrador,7,43000
Newfoundland and Labrador,7.13,44000
Newfoundland and Labrador,7.24,45000
Newfoundland and Labrador,7.36,46000
Newfoundland and Labrador,7.47,47000
Newfoundland and Labrador,7.57,48000
Newfoundland and Labrador,7.67,49000
Newfoundland and Labrador,7.77,50000
Newfoundland and Labrador,7.86,51000
Newfoundland and Labrador,7.95,52000
Newfoundland and Labrador,8.04,53000
Newfoundland and Labrador,8.12,54000
Newfoundland and Labrador,8.2,55000
Newfoundland and Labrador,8.28,56000
Newfoundland and Labrador,8.35,57000
Newfoundland and Labrador,8.42,58000
Newfoundland and Labrador,8.49,59000
Newfoundland and Labrador,8.56,60000
Newfoundland and Labrador,8.86,65000
Newfoundland and Labrador,9.12,70000
Newfoundland and Labrador,9.4,75000
Newfoundland and Labrador,9.64,80000
Newfoundland and Labrador,9.86,85000
Newfoundland and Labrador,10.05,90000
Newfoundland and Labrador,10.22,95000
Newfoundland and Labrador,10.37,100000
Newfoundland and Labrador,10.51,105000
Newfoundland and Labrador,10.64,110000
Newfoundland and Labrador,10.75,115000
Newfoundland and Labrador,10.86,120000
Newfoundland and Labrador,10.96,125000
Newfoundland and Labrador,11.08,130000
Newfoundland and Labrador,11.2,135000
Newfoundland and Labrador,11.31,140000
Newfoundland and Labrador,11.42,145000
Newfoundland and Labrador,11.51,150000
Newfoundland and Labrador,11.6,155000
Newfoundland and Labrador,11.69,160000
Newfoundland and Labrador,11.77,165000
Newfoundland and Labrador,11.84,170000
Newfoundland and Labrador,11.91,175000
Newfoundland and Labrador,12,180000
Newfoundland and Labrador,12.09,185000
Newfoundland and Labrador,12.17,190000
Newfoundland and Labrador,12.25,195000
Newfoundland and Labrador,12.33,200000
Newfoundland and Labrador,12.4,205000
Newfoundland and Labrador,12.47,210000
Newfoundland and Labrador,12.54,215000
Newfoundland and Labrador,12.6,220000
Newfoundland and Labrador,12.66,225000
Newfoundland and Labrador,12.72,230000
Newfoundland and Labrador,12.77,235000
Newfoundland and Labrador,12.83,240000
Newfoundland and Labrador,12.88,245000
Newfoundland and Labrador,12.92,250000
Newfoundland and Labrador,12.97,255000
Newfoundland and Labrador,13.02,260000
Newfoundland and Labrador,13.06,265000
Newfoundland and Labrador,13.1,270000
Newfoundland and Labrador,13.14,275000
Newfoundland and Labrador,13.18,280000
Newfoundland and Labrador,13.22,285000
Newfoundland and Labrador,13.25,290000
Newfoundland and Labrador,13.29,295000
Newfoundland and Labrador,13.32,300000
Newfoundland and Labrador,13.35,305000
Newfoundland and Labrador,13.38,310000
Newfoundland and Labrador,13.41,315000
Newfoundland and Labrador,13.44,320000
Newfoundland and Labrador,13.47,325000
Newfoundland and Labrador,13.5,330000
Newfoundland and Labrador,13.53,335000
Newfoundland and Labrador,13.55,340000
Newfoundland and Labrador,13.58,345000
Newfoundland and Labrador,13.6,350000
Newfoundland and Labrador,13.63,355000
Newfoundland and Labrador,13.65,360000
Newfoundland and Labrador,13.67,365000
Newfoundland and Labrador,13.69,370000
Newfoundland and Labrador,13.72,375000
Newfoundland and Labrador,13.74,380000
Newfoundland and Labrador,13.76,385000
Newfoundland and Labrador,13.78,390000
Newfoundland and Labrador,13.8,395000
Newfoundland and Labrador,13.82,400000
Newfoundland and Labrador,13.83,405000
Newfoundland and Labrador,13.85,410000
Newfoundland and Labrador,13.87,415000
Newfoundland and Labrador,13.89,420000
Newfoundland and Labrador,13.9,425000
Newfoundland and Labrador,13.92,430000
Newfoundland and Labrador,13.93,435000
Newfoundland and Labrador,13.95,440000
Newfoundland and Labrador,13.97,445000
Newfoundland and Labrador,13.98,450000
Newfoundland and Labrador,13.99,455000
Newfoundland and Labrador,14.01,460000
Newfoundland and Labrador,14.02,465000
Newfoundland and Labrador,14.04,470000
Newfoundland and Labrador,14.05,475000
Newfoundland and Labrador,14.06,480000
Newfoundland and Labrador,14.08,485000
Newfoundland and Labrador,14.09,490000
Newfoundland and Labrador,14.1,495000
Newfoundland and Labrador,14.11,500000
New Brunswick,0,1000
New Brunswick,0,1100
New Brunswick,0,1200
New Brunswick,0,1300
New Brunswick,0,1400
New Brunswick,0,1500
New Brunswick,0,1600
New Brunswick,0,1700
New Brunswick,0,1800
New Brunswick,0,1900
New Brunswick,0,2000
New Brunswick,0,2100
New Brunswick,0,2200
New Brunswick,0,2300
New Brunswick,0,2400
New Brunswick,0,2500
New Brunswick,0,2600
New Brunswick,0,2700
New Brunswick,0,2800
New Brunswick,0,2900
New Brunswick,0,3000
New Brunswick,0,3100
New Brunswick,0,3200
New Brunswick,0,3300
New Brunswick,0,3400
New Brunswick,0,3500
New Brunswick,0,3600
New Brunswick,0,3700
New Brunswick,0,3800
New Brunswick,0,3900
New Brunswick,0,4000
New Brunswick,0,4100
New Brunswick,0,4200
New Brunswick,0,4300
New Brunswick,0,4400
New Brunswick,0,4500
New Brunswick,0,4600
New Brunswick,0,4700
New Brunswick,0,4800
New Brunswick,0,4900
New Brunswick,0,5000
New Brunswick,0,5100
New Brunswick,0,5200
New Brunswick,0,5300
New Brunswick,0,5400
New Brunswick,0,5500
New Brunswick,0,5600
New Brunswick,0,5700
New Brunswick,0,5800
New Brunswick,0,5900
New Brunswick,0,6000
New Brunswick,0,6100
New Brunswick,0,6200
New Brunswick,0,6300
New Brunswick,0,6400
New Brunswick,0,6500
New Brunswick,0,6600
New Brunswick,0,6700
New Brunswick,0,6800
New Brunswick,0,6900
New Brunswick,0,7000
New Brunswick,0,7100
New Brunswick,0,7200
New Brunswick,0,7300
New Brunswick,0,7400
New Brunswick,0,7500
New Brunswick,0,7600
New Brunswick,0,7700
New Brunswick,0,7800
New Brunswick,0,7900
New Brunswick,0,8000
New Brunswick,0,8100
New Brunswick,0,8200
New Brunswick,0,8300
New Brunswick,0,8400
New Brunswick,0,8500
New Brunswick,0,8600
New Brunswick,0,8700
New Brunswick,0,8800
New Brunswick,0,8900
New Brunswick,0,9000
New Brunswick,0,9100
New Brunswick,0,9200
New Brunswick,0,9300
New Brunswick,0,9400
New Brunswick,0,9500
New Brunswick,0,9600
New Brunswick,0,9700
New Brunswick,0.04,9800
New Brunswick,0.14,9900
New Brunswick,0.23,10000
New Brunswick,1.09,11000
New Brunswick,1.81,12000
New Brunswick,2.41,13000
New Brunswick,2.93,14000
New Brunswick,3.38,15000
New Brunswick,3.78,16000
New Brunswick,4.12,17000
New Brunswick,4.43,18000
New Brunswick,4.71,19000
New Brunswick,4.96,20000
New Brunswick,5.18,21000
New Brunswick,5.39,22000
New Brunswick,5.57,23000
New Brunswick,5.74,24000
New Brunswick,5.9,25000
New Brunswick,6.05,26000
New Brunswick,6.18,27000
New Brunswick,6.31,28000
New Brunswick,6.42,29000
New Brunswick,6.53,30000
New Brunswick,6.63,31000
New Brunswick,6.73,32000
New Brunswick,6.82,33000
New Brunswick,6.9,34000
New Brunswick,6.98,35000
New Brunswick,7.06,36000
New Brunswick,7.13,37000
New Brunswick,7.19,38000
New Brunswick,7.26,39000
New Brunswick,7.32,40000
New Brunswick,7.44,41000
New Brunswick,7.62,42000
New Brunswick,7.78,43000
New Brunswick,7.94,44000
New Brunswick,8.1,45000
New Brunswick,8.24,46000
New Brunswick,8.38,47000
New Brunswick,8.52,48000
New Brunswick,8.64,49000
New Brunswick,8.77,50000
New Brunswick,8.89,51000
New Brunswick,9,52000
New Brunswick,9.11,53000
New Brunswick,9.22,54000
New Brunswick,9.32,55000
New Brunswick,9.42,56000
New Brunswick,9.51,57000
New Brunswick,9.6,58000
New Brunswick,9.69,59000
New Brunswick,9.78,60000
New Brunswick,10.16,65000
New Brunswick,10.5,70000
New Brunswick,10.79,75000
New Brunswick,11.04,80000
New Brunswick,11.34,85000
New Brunswick,11.63,90000
New Brunswick,11.89,95000
New Brunswick,12.12,100000
New Brunswick,12.33,105000
New Brunswick,12.52,110000
New Brunswick,12.69,115000
New Brunswick,12.85,120000
New Brunswick,13,125000
New Brunswick,13.13,130000
New Brunswick,13.29,135000
New Brunswick,13.45,140000
New Brunswick,13.61,145000
New Brunswick,13.75,150000
New Brunswick,13.96,155000
New Brunswick,14.16,160000
New Brunswick,14.34,165000
New Brunswick,14.52,170000
New Brunswick,14.68,175000
New Brunswick,14.84,180000
New Brunswick,14.99,185000
New Brunswick,15.13,190000
New Brunswick,15.26,195000
New Brunswick,15.38,200000
New Brunswick,15.5,205000
New Brunswick,15.62,210000
New Brunswick,15.73,215000
New Brunswick,15.83,220000
New Brunswick,15.93,225000
New Brunswick,16.03,230000
New Brunswick,16.12,235000
New Brunswick,16.2,240000
New Brunswick,16.29,245000
New Brunswick,16.37,250000
New Brunswick,16.44,255000
New Brunswick,16.52,260000
New Brunswick,16.59,265000
New Brunswick,16.66,270000
New Brunswick,16.73,275000
New Brunswick,16.79,280000
New Brunswick,16.85,285000
New Brunswick,16.91,290000
New Brunswick,16.97,295000
New Brunswick,17.02,300000
New Brunswick,17.08,305000
New Brunswick,17.13,310000
New Brunswick,17.18,315000
New Brunswick,17.23,320000
New Brunswick,17.28,325000
New Brunswick,17.32,330000
New Brunswick,17.37,335000
New Brunswick,17.41,340000
New Brunswick,17.45,345000
New Brunswick,17.49,350000
New Brunswick,17.53,355000
New Brunswick,17.57,360000
New Brunswick,17.61,365000
New Brunswick,17.64,370000
New Brunswick,17.68,375000
New Brunswick,17.71,380000
New Brunswick,17.75,385000
New Brunswick,17.78,390000
New Brunswick,17.81,395000
New Brunswick,17.84,400000
New Brunswick,17.87,405000
New Brunswick,17.9,410000
New Brunswick,17.93,415000
New Brunswick,17.96,420000
New Brunswick,17.99,425000
New Brunswick,18.01,430000
New Brunswick,18.04,435000
New Brunswick,18.07,440000
New Brunswick,18.09,445000
New Brunswick,18.12,450000
New Brunswick,18.14,455000
New Brunswick,18.16,460000
New Brunswick,18.19,465000
New Brunswick,18.21,470000
New Brunswick,18.23,475000
New Brunswick,18.25,480000
New Brunswick,18.27,485000
New Brunswick,18.29,490000
New Brunswick,18.31,495000
New Brunswick,18.33,500000
Manitoba,0,1000
Manitoba,0,1100
Manitoba,0,1200
Manitoba,0,1300
Manitoba,0,1400
Manitoba,0,1500
Manitoba,0,1600
Manitoba,0,1700
Manitoba,0,1800
Manitoba,0,1900
Manitoba,0,2000
Manitoba,0,2100
Manitoba,0,2200
Manitoba,0,2300
Manitoba,0,2400
Manitoba,0,2500
Manitoba,0,2600
Manitoba,0,2700
Manitoba,0,2800
Manitoba,0,2900
Manitoba,0,3000
Manitoba,0,3100
Manitoba,0,3200
Manitoba,0,3300
Manitoba,0,3400
Manitoba,0,3500
Manitoba,0,3600
Manitoba,0,3700
Manitoba,0,3800
Manitoba,0,3900
Manitoba,0,4000
Manitoba,0,4100
Manitoba,0,4200
Manitoba,0,4300
Manitoba,0,4400
Manitoba,0,4500
Manitoba,0,4600
Manitoba,0,4700
Manitoba,0,4800
Manitoba,0,4900
Manitoba,0,5000
Manitoba,0,5100
Manitoba,0,5200
Manitoba,0,5300
Manitoba,0,5400
Manitoba,0,5500
Manitoba,0,5600
Manitoba,0,5700
Manitoba,0,5800
Manitoba,0,5900
Manitoba,0,6000
Manitoba,0,6100
Manitoba,0,6200
Manitoba,0,6300
Manitoba,0,6400
Manitoba,0,6500
Manitoba,0,6600
Manitoba,0,6700
Manitoba,0,6800
Manitoba,0,6900
Manitoba,0,7000
Manitoba,0,7100
Manitoba,0,7200
Manitoba,0,7300
Manitoba,0,7400
Manitoba,0,7500
Manitoba,0,7600
Manitoba,0,7700
Manitoba,0,7800
Manitoba,0,7900
Manitoba,0,8000
Manitoba,0,8100
Manitoba,0,8200
Manitoba,0,8300
Manitoba,0,8400
Manitoba,0,8500
Manitoba,0,8600
Manitoba,0,8700
Manitoba,0,8800
Manitoba,0,8900
Manitoba,0,9000
Manitoba,0,9100
Manitoba,0.08,9200
Manitoba,0.19,9300
Manitoba,0.31,9400
Manitoba,0.42,9500
Manitoba,0.52,9600
Manitoba,0.63,9700
Manitoba,0.73,9800
Manitoba,0.84,9900
Manitoba,0.94,10000
Manitoba,1.83,11000
Manitoba,2.58,12000
Manitoba,3.21,13000
Manitoba,3.75,14000
Manitoba,4.22,15000
Manitoba,4.63,16000
Manitoba,5,17000
Manitoba,5.32,18000
Manitoba,5.61,19000
Manitoba,5.87,20000
Manitoba,6.1,21000
Manitoba,6.32,22000
Manitoba,6.51,23000
Manitoba,6.69,24000
Manitoba,6.85,25000
Manitoba,7.01,26000
Manitoba,7.15,27000
Manitoba,7.28,28000
Manitoba,7.4,29000
Manitoba,7.51,30000
Manitoba,7.62,31000
Manitoba,7.78,32000
Manitoba,7.93,33000
Manitoba,8.07,34000
Manitoba,8.2,35000
Manitoba,8.33,36000
Manitoba,8.45,37000
Manitoba,8.56,38000
Manitoba,8.67,39000
Manitoba,8.77,40000
Manitoba,8.87,41000
Manitoba,8.96,42000
Manitoba,9.05,43000
Manitoba,9.13,44000
Manitoba,9.21,45000
Manitoba,9.29,46000
Manitoba,9.36,47000
Manitoba,9.44,48000
Manitoba,9.5,49000
Manitoba,9.57,50000
Manitoba,9.63,51000
Manitoba,9.69,52000
Manitoba,9.75,53000
Manitoba,9.8,54000
Manitoba,9.86,55000
Manitoba,9.91,56000
Manitoba,9.96,57000
Manitoba,10.01,58000
Manitoba,10.05,59000
Manitoba,10.1,60000
Manitoba,10.3,65000
Manitoba,10.68,70000
Manitoba,11.12,75000
Manitoba,11.52,80000
Manitoba,11.86,85000
Manitoba,12.17,90000
Manitoba,12.45,95000
Manitoba,12.69,100000
Manitoba,12.92,105000
Manitoba,13.12,110000
Manitoba,13.31,115000
Manitoba,13.48,120000
Manitoba,13.63,125000
Manitoba,13.78,130000
Manitoba,13.91,135000
Manitoba,14.04,140000
Manitoba,14.15,145000
Manitoba,14.26,150000
Manitoba,14.36,155000
Manitoba,14.46,160000
Manitoba,14.55,165000
Manitoba,14.63,170000
Manitoba,14.71,175000
Manitoba,14.79,180000
Manitoba,14.86,185000
Manitoba,14.92,190000
Manitoba,14.99,195000
Manitoba,15.05,200000
Manitoba,15.1,205000
Manitoba,15.16,210000
Manitoba,15.21,215000
Manitoba,15.26,220000
Manitoba,15.31,225000
Manitoba,15.35,230000
Manitoba,15.4,235000
Manitoba,15.44,240000
Manitoba,15.48,245000
Manitoba,15.52,250000
Manitoba,15.55,255000
Manitoba,15.59,260000
Manitoba,15.62,265000
Manitoba,15.66,270000
Manitoba,15.69,275000
Manitoba,15.72,280000
Manitoba,15.75,285000
Manitoba,15.78,290000
Manitoba,15.8,295000
Manitoba,15.83,300000
Manitoba,15.86,305000
Manitoba,15.88,310000
Manitoba,15.91,315000
Manitoba,15.93,320000
Manitoba,15.95,325000
Manitoba,15.97,330000
Manitoba,16,335000
Manitoba,16.02,340000
Manitoba,16.04,345000
Manitoba,16.06,350000
Manitoba,16.07,355000
Manitoba,16.09,360000
Manitoba,16.11,365000
Manitoba,16.13,370000
Manitoba,16.14,375000
Manitoba,16.16,380000
Manitoba,16.18,385000
Manitoba,16.19,390000
Manitoba,16.21,395000
Manitoba,16.22,400000
Manitoba,16.24,405000
Manitoba,16.25,410000
Manitoba,16.27,415000
Manitoba,16.28,420000
Manitoba,16.29,425000
Manitoba,16.31,430000
Manitoba,16.32,435000
Manitoba,16.33,440000
Manitoba,16.34,445000
Manitoba,16.35,450000
Manitoba,16.37,455000
Manitoba,16.38,460000
Manitoba,16.39,465000
Manitoba,16.4,470000
Manitoba,16.41,475000
Manitoba,16.42,480000
Manitoba,16.43,485000
Manitoba,16.44,490000
Manitoba,16.45,495000
Manitoba,16.46,500000
British Columbia,0,1000
British Columbia,0,1100
British Columbia,0,1200
British Columbia,0,1300
British Columbia,0,1400
British Columbia,0,1500
British Columbia,0,1600
British Columbia,0,1700
British Columbia,0,1800
British Columbia,0,1900
British Columbia,0,2000
British Columbia,0,2100
British Columbia,0,2200
British Columbia,0,2300
British Columbia,0,2400
British Columbia,0,2500
British Columbia,0,2600
British Columbia,0,2700
British Columbia,0,2800
British Columbia,0,2900
British Columbia,0,3000
British Columbia,0,3100
British Columbia,0,3200
British Columbia,0,3300
British Columbia,0,3400
British Columbia,0,3500
British Columbia,0,3600
British Columbia,0,3700
British Columbia,0,3800
British Columbia,0,3900
British Columbia,0,4000
British Columbia,0,4100
British Columbia,0,4200
British Columbia,0,4300
British Columbia,0,4400
British Columbia,0,4500
British Columbia,0,4600
British Columbia,0,4700
British Columbia,0,4800
British Columbia,0,4900
British Columbia,0,5000
British Columbia,0,5100
British Columbia,0,5200
British Columbia,0,5300
British Columbia,0,5400
British Columbia,0,5500
British Columbia,0,5600
British Columbia,0,5700
British Columbia,0,5800
British Columbia,0,5900
British Columbia,0,6000
British Columbia,0,6100
British Columbia,0,6200
British Columbia,0,6300
British Columbia,0,6400
British Columbia,0,6500
British Columbia,0,6600
British Columbia,0,6700
British Columbia,0,6800
British Columbia,0,6900
British Columbia,0,7000
British Columbia,0,7100
British Columbia,0,7200
British Columbia,0,7300
British Columbia,0,7400
British Columbia,0,7500
British Columbia,0,7600
British Columbia,0,7700
British Columbia,0,7800
British Columbia,0,7900
British Columbia,0,8000
British Columbia,0,8100
British Columbia,0,8200
British Columbia,0,8300
British Columbia,0,8400
British Columbia,0,8500
British Columbia,0,8600
British Columbia,0,8700
British Columbia,0,8800
British Columbia,0,8900
British Columbia,0,9000
British Columbia,0,9100
British Columbia,0,9200
British Columbia,0,9300
British Columbia,0,9400
British Columbia,0,9500
British Columbia,0,9600
British Columbia,0,9700
British Columbia,0,9800
British Columbia,0,9900
British Columbia,0,10000
British Columbia,0.45,11000
British Columbia,0.83,12000
British Columbia,1.16,13000
British Columbia,1.44,14000
British Columbia,1.68,15000
British Columbia,1.89,16000
British Columbia,2.08,17000
British Columbia,2.24,18000
British Columbia,2.39,19000
British Columbia,2.52,20000
British Columbia,2.64,21000
British Columbia,2.75,22000
British Columbia,2.85,23000
British Columbia,2.95,24000
British Columbia,3.03,25000
British Columbia,3.11,26000
British Columbia,3.18,27000
British Columbia,3.25,28000
British Columbia,3.31,29000
British Columbia,3.37,30000
British Columbia,3.42,31000
British Columbia,3.47,32000
British Columbia,3.52,33000
British Columbia,3.57,34000
British Columbia,3.61,35000
British Columbia,3.65,36000
British Columbia,3.69,37000
British Columbia,3.72,38000
British Columbia,3.81,39000
British Columbia,3.91,40000
British Columbia,4,41000
British Columbia,4.09,42000
British Columbia,4.17,43000
British Columbia,4.25,44000
British Columbia,4.33,45000
British Columbia,4.4,46000
British Columbia,4.47,47000
British Columbia,4.54,48000
British Columbia,4.61,49000
British Columbia,4.67,50000
British Columbia,4.73,51000
British Columbia,4.78,52000
British Columbia,4.84,53000
British Columbia,4.89,54000
British Columbia,4.94,55000
British Columbia,4.99,56000
British Columbia,5.04,57000
British Columbia,5.09,58000
British Columbia,5.13,59000
British Columbia,5.17,60000
British Columbia,5.37,65000
British Columbia,5.53,70000
British Columbia,5.68,75000
British Columbia,5.93,80000
British Columbia,6.2,85000
British Columbia,6.48,90000
British Columbia,6.79,95000
British Columbia,7.06,100000
British Columbia,7.31,105000
British Columbia,7.61,110000
British Columbia,7.92,115000
British Columbia,8.2,120000
British Columbia,8.46,125000
British Columbia,8.7,130000
British Columbia,8.93,135000
British Columbia,9.13,140000
British Columbia,9.32,145000
British Columbia,9.5,150000
British Columbia,9.67,155000
British Columbia,9.83,160000
British Columbia,9.98,165000
British Columbia,10.12,170000
British Columbia,10.25,175000
British Columbia,10.37,180000
British Columbia,10.49,185000
British Columbia,10.6,190000
British Columbia,10.7,195000
British Columbia,10.8,200000
British Columbia,10.9,205000
British Columbia,10.99,210000
British Columbia,11.07,215000
British Columbia,11.16,220000
British Columbia,11.24,225000
British Columbia,11.31,230000
British Columbia,11.38,235000
British Columbia,11.45,240000
British Columbia,11.52,245000
British Columbia,11.58,250000
British Columbia,11.64,255000
British Columbia,11.7,260000
British Columbia,11.76,265000
British Columbia,11.81,270000
British Columbia,11.87,275000
British Columbia,11.92,280000
British Columbia,11.97,285000
British Columbia,12.01,290000
British Columbia,12.06,295000
British Columbia,12.1,300000
British Columbia,12.14,305000
British Columbia,12.19,310000
British Columbia,12.23,315000
British Columbia,12.26,320000
British Columbia,12.3,325000
British Columbia,12.34,330000
British Columbia,12.37,335000
British Columbia,12.41,340000
British Columbia,12.44,345000
British Columbia,12.47,350000
British Columbia,12.5,355000
British Columbia,12.53,360000
British Columbia,12.56,365000
British Columbia,12.59,370000
British Columbia,12.62,375000
British Columbia,12.65,380000
British Columbia,12.68,385000
British Columbia,12.7,390000
British Columbia,12.73,395000
British Columbia,12.75,400000
British Columbia,12.78,405000
British Columbia,12.8,410000
British Columbia,12.82,415000
British Columbia,12.84,420000
British Columbia,12.87,425000
British Columbia,12.89,430000
British Columbia,12.91,435000
British Columbia,12.93,440000
British Columbia,12.95,445000
British Columbia,12.97,450000
British Columbia,12.99,455000
British Columbia,13.01,460000
British Columbia,13.02,465000
British Columbia,13.04,470000
British Columbia,13.06,475000
British Columbia,13.08,480000
British Columbia,13.09,485000
British Columbia,13.11,490000
British Columbia,13.13,495000
British Columbia,13.14,500000
Alberta,0,1000
Alberta,0,1100
Alberta,0,1200
Alberta,0,1300
Alberta,0,1400
Alberta,0,1500
Alberta,0,1600
Alberta,0,1700
Alberta,0,1800
Alberta,0,1900
Alberta,0,2000
Alberta,0,2100
Alberta,0,2200
Alberta,0,2300
Alberta,0,2400
Alberta,0,2500
Alberta,0,2600
Alberta,0,2700
Alberta,0,2800
Alberta,0,2900
Alberta,0,3000
Alberta,0,3100
Alberta,0,3200
Alberta,0,3300
Alberta,0,3400
Alberta,0,3500
Alberta,0,3600
Alberta,0,3700
Alberta,0,3800
Alberta,0,3900
Alberta,0,4000
Alberta,0,4100
Alberta,0,4200
Alberta,0,4300
Alberta,0,4400
Alberta,0,4500
Alberta,0,4600
Alberta,0,4700
Alberta,0,4800
Alberta,0,4900
Alberta,0,5000
Alberta,0,5100
Alberta,0,5200
Alberta,0,5300
Alberta,0,5400
Alberta,0,5500
Alberta,0,5600
Alberta,0,5700
Alberta,0,5800
Alberta,0,5900
Alberta,0,6000
Alberta,0,6100
Alberta,0,6200
Alberta,0,6300
Alberta,0,6400
Alberta,0,6500
Alberta,0,6600
Alberta,0,6700
Alberta,0,6800
Alberta,0,6900
Alberta,0,7000
Alberta,0,7100
Alberta,0,7200
Alberta,0,7300
Alberta,0,7400
Alberta,0,7500
Alberta,0,7600
Alberta,0,7700
Alberta,0,7800
Alberta,0,7900
Alberta,0,8000
Alberta,0,8100
Alberta,0,8200
Alberta,0,8300
Alberta,0,8400
Alberta,0,8500
Alberta,0,8600
Alberta,0,8700
Alberta,0,8800
Alberta,0,8900
Alberta,0,9000
Alberta,0,9100
Alberta,0,9200
Alberta,0,9300
Alberta,0,9400
Alberta,0,9500
Alberta,0,9600
Alberta,0,9700
Alberta,0,9800
Alberta,0,9900
Alberta,0,10000
Alberta,0,11000
Alberta,0,12000
Alberta,0,13000
Alberta,0,14000
Alberta,0,15000
Alberta,0,16000
Alberta,0,17000
Alberta,0,18000
Alberta,0.29,19000
Alberta,0.77,20000
Alberta,1.21,21000
Alberta,1.61,22000
Alberta,1.98,23000
Alberta,2.31,24000
Alberta,2.62,25000
Alberta,2.9,26000
Alberta,3.17,27000
Alberta,3.41,28000
Alberta,3.64,29000
Alberta,3.85,30000
Alberta,4.05,31000
Alberta,4.23,32000
Alberta,4.41,33000
Alberta,4.57,34000
Alberta,4.73,35000
Alberta,4.87,36000
Alberta,5.01,37000
Alberta,5.14,38000
Alberta,5.27,39000
Alberta,5.39,40000
Alberta,5.5,41000
Alberta,5.61,42000
Alberta,5.71,43000
Alberta,5.81,44000
Alberta,5.9,45000
Alberta,5.99,46000
Alberta,6.07,47000
Alberta,6.16,48000
Alberta,6.23,49000
Alberta,6.31,50000
Alberta,6.38,51000
Alberta,6.45,52000
Alberta,6.52,53000
Alberta,6.58,54000
Alberta,6.65,55000
Alberta,6.71,56000
Alberta,6.76,57000
Alberta,6.82,58000
Alberta,6.87,59000
Alberta,6.92,60000
Alberta,7.16,65000
Alberta,7.36,70000
Alberta,7.54,75000
Alberta,7.69,80000
Alberta,7.83,85000
Alberta,7.95,90000
Alberta,8.06,95000
Alberta,8.15,100000
Alberta,8.24,105000
Alberta,8.32,110000
Alberta,8.4,115000
Alberta,8.46,120000
Alberta,8.52,125000
Alberta,8.66,130000
Alberta,8.78,135000
Alberta,8.9,140000
Alberta,9,145000
Alberta,9.1,150000
Alberta,9.23,155000
Alberta,9.35,160000
Alberta,9.46,165000
Alberta,9.56,170000
Alberta,9.66,175000
Alberta,9.75,180000
Alberta,9.84,185000
Alberta,9.92,190000
Alberta,10,195000
Alberta,10.08,200000
Alberta,10.17,205000
Alberta,10.26,210000
Alberta,10.35,215000
Alberta,10.43,220000
Alberta,10.51,225000
Alberta,10.59,230000
Alberta,10.66,235000
Alberta,10.73,240000
Alberta,10.8,245000
Alberta,10.86,250000
Alberta,10.92,255000
Alberta,10.98,260000
Alberta,11.04,265000
Alberta,11.09,270000
Alberta,11.15,275000
Alberta,11.2,280000
Alberta,11.25,285000
Alberta,11.29,290000
Alberta,11.34,295000
Alberta,11.38,300000
Alberta,11.44,305000
Alberta,11.5,310000
Alberta,11.56,315000
Alberta,11.61,320000
Alberta,11.66,325000
Alberta,11.71,330000
Alberta,11.76,335000
Alberta,11.81,340000
Alberta,11.86,345000
Alberta,11.9,350000
Alberta,11.95,355000
Alberta,11.99,360000
Alberta,12.03,365000
Alberta,12.07,370000
Alberta,12.11,375000
Alberta,12.15,380000
Alberta,12.18,385000
Alberta,12.22,390000
Alberta,12.25,395000
Alberta,12.29,400000
Alberta,12.32,405000
Alberta,12.35,410000
Alberta,12.39,415000
Alberta,12.42,420000
Alberta,12.45,425000
Alberta,12.48,430000
Alberta,12.51,435000
Alberta,12.54,440000
Alberta,12.56,445000
Alberta,12.59,450000
Alberta,12.62,455000
Alberta,12.64,460000
Alberta,12.67,465000
Alberta,12.69,470000
Alberta,12.72,475000
Alberta,12.74,480000
Alberta,12.76,485000
Alberta,12.79,490000
Alberta,12.81,495000
Alberta,12.83,500000